backbone,epoch,tau_mean,tau_min,tau_max,L_magnitude,L_progress
GNN,1,-0.051179,-0.072744,-0.035655,29.6277,-10.3402
GNN,2,-0.077877,-0.122825,-0.039700,36.4137,-27.5281
GNN,3,-0.097181,-0.156239,-0.036149,63.3657,-56.8786
GNN,4,-0.124630,-0.204215,-0.036052,89.9542,-117.026
GNN,5,-0.141487,-0.230310,-0.035163,135.879,-107.091
GNN,6,-0.155542,-0.252820,-0.037842,147.873,-111.476
GNN,7,-0.170511,-0.260804,-0.037824,158.375,-91.4855
GNN,8,-0.189268,-0.274694,-0.041276,157.813,-133.26
GNN,9,-0.194738,-0.283974,-0.035663,91.1888,-59.0543
GNN,10,-0.202103,-0.307921,-0.031364,101.577,-80.3561
GNN,11,-0.205483,-0.311953,-0.036511,91.3782,-62.3779
GNN,12,-0.206725,-0.317281,-0.039395,88.5486,-52.2868
GNN,13,-0.208763,-0.322395,-0.039026,97.8402,-68.4527
GNN,14,-0.211799,-0.332400,-0.038569,113.266,-64.5665
GNN,15,-0.211583,-0.325860,-0.039347,108.09,-47.4424
GNN,16,-0.211978,-0.327103,-0.039709,99.7773,-49.1598
GNN,17,-0.212611,-0.326496,-0.039442,112.359,-51.3645
GNN,18,-0.212664,-0.325357,-0.040466,107.043,-54.1028
GNN,19,-0.212862,-0.325084,-0.040627,113.073,-49.849
GNN,20,-0.212860,-0.325005,-0.040599,132.842,-39.794
GNN,21,-0.215812,-0.325208,-0.045661,118.299,-42.4275
GNN,22,-0.214257,-0.309675,-0.039771,137.607,-32.9748
GNN,23,-0.220144,-0.306597,-0.042865,124.642,-36.3708
GNN,24,-0.223851,-0.311780,-0.042480,127.422,-33.5466
GNN,25,-0.231689,-0.295787,-0.045058,120.796,-45.3709
GNN,26,-0.230687,-0.285106,-0.046063,113.424,-32.8408
GNN,27,-0.233319,-0.302752,-0.040814,110.119,-37.5389
GNN,28,-0.232255,-0.298067,-0.041357,114.226,-33.2874
GNN,29,-0.233077,-0.298786,-0.045569,112.355,-30.7332
GNN,30,-0.232094,-0.295445,-0.041070,113.734,-31.2372
GNN,31,-0.234742,-0.291136,-0.046411,109.981,-41.9509
GNN,32,-0.235811,-0.289745,-0.046546,119.783,-34.5123
GNN,33,-0.234363,-0.290099,-0.042867,121.144,-32.9155
GNN,34,-0.233676,-0.287325,-0.043830,106.795,-29.1725
GNN,35,-0.233074,-0.285119,-0.039084,116.2,-29.5488
GNN,36,-0.232548,-0.285576,-0.038367,109.17,-28.9528
GNN,37,-0.232392,-0.285097,-0.038868,101.378,-25.6511
GNN,38,-0.232211,-0.285284,-0.036902,113.982,-34.8388
GNN,39,-0.232207,-0.285447,-0.036967,106.828,-28.4782
GNN,40,-0.232213,-0.285430,-0.036959,102.726,-22.607
GNN,41,-0.228100,-0.293445,-0.030431,100.617,-21.0575
GNN,42,-0.229393,-0.289178,-0.036510,104.754,-24.2764
GNN,43,-0.229671,-0.284705,-0.034368,105.584,-25.6082
GNN,44,-0.230121,-0.291914,-0.037599,100.827,-24.6564
GNN,45,-0.230990,-0.299777,-0.038442,96.3607,-21.3302
GNN,46,-0.230789,-0.291017,-0.035482,105.431,-22.7422
GNN,47,-0.234352,-0.295675,-0.041708,97.4516,-22.8647
GNN,48,-0.233513,-0.290774,-0.037663,104.909,-22.9781
GNN,49,-0.234017,-0.288554,-0.035882,83.6728,-36.9169
GNN,50,-0.235285,-0.280123,-0.040253,89.4782,-20.0368
GNN,51,-0.233017,-0.260030,-0.039153,96.0698,-19.6705
GNN,52,-0.231424,-0.238208,-0.037102,91.9018,-18.7304
GNN,53,-0.230487,-0.217070,-0.036655,97.1801,-25.4491
GNN,54,-0.231209,-0.197922,-0.035356,99.2291,-23.6496
GNN,55,-0.231295,-0.185146,-0.036417,86.425,-18.8188
GNN,56,-0.230266,-0.179088,-0.036776,88.4648,-17.227
GNN,57,-0.230135,-0.172237,-0.037137,93.2244,-18.2588
GNN,58,-0.229734,-0.168081,-0.036955,104.072,-19.5926
GNN,59,-0.229573,-0.166141,-0.036810,85.3225,-17.846
GNN,60,-0.229525,-0.165669,-0.036695,85.4443,-17.7141
GNN,61,-0.227104,-0.128191,-0.030957,82.5246,-18.0178
GNN,62,-0.219800,-0.113841,-0.033616,79.7264,-15.7333
GNN,63,-0.223462,-0.101658,-0.037994,85.0247,-22.3341
GNN,64,-0.223884,-0.098045,-0.039514,79.9949,-20.0996
GNN,65,-0.220271,-0.106556,-0.032329,75.1857,-14.3493
GNN,66,-0.217175,-0.101218,-0.031964,69.01,-13.8969
GNN,67,-0.216370,-0.102119,-0.037038,77.8062,-16.4278
GNN,68,-0.210113,-0.091917,-0.039443,74.5656,-13.8051
GNN,69,-0.205610,-0.084243,-0.035839,74.9065,-14.991
GNN,70,-0.202675,-0.096020,-0.034086,69.6575,-14.6908
GNN,71,-0.201665,-0.092099,-0.038000,70.921,-13.7717
GNN,72,-0.198650,-0.089565,-0.034524,66.3892,-12.8105
GNN,73,-0.196592,-0.085197,-0.034284,74.7521,-15.9262
GNN,74,-0.195199,-0.085691,-0.034682,69.552,-13.2934
GNN,75,-0.194156,-0.084267,-0.033680,67.4255,-13.1944
GNN,76,-0.193156,-0.081037,-0.034031,61.848,-12.7989
GNN,77,-0.192616,-0.079135,-0.033203,62.4688,-12.9219
GNN,78,-0.192522,-0.078839,-0.032570,63.1381,-12.4628
GNN,79,-0.192531,-0.078693,-0.032196,65.4982,-11.2702
GNN,80,-0.192558,-0.078794,-0.032234,66.0375,-18.7549
GNN,81,-0.189070,-0.073913,-0.029039,56.6659,-11.943
GNN,82,-0.186218,-0.074387,-0.025649,60.6236,-11.8988
GNN,83,-0.186332,-0.081617,-0.029411,56.5104,-10.5273
GNN,84,-0.180868,-0.077117,-0.028444,59.247,-13.2574
GNN,85,-0.179130,-0.077585,-0.027513,57.0313,-12.0368
GNN,86,-0.177849,-0.074938,-0.027368,54.45,-10.289
GNN,87,-0.173629,-0.078108,-0.025061,55.8422,-10.7004
GNN,88,-0.171596,-0.066016,-0.027156,56.1162,-10.03
GNN,89,-0.175444,-0.067247,-0.030166,51.3863,-10.634
GNN,90,-0.175851,-0.066768,-0.030650,58.1016,-10.7542
GNN,91,-0.173749,-0.065739,-0.028892,52.0774,-9.98084
GNN,92,-0.172177,-0.067930,-0.026604,51.2639,-9.93696
GNN,93,-0.172945,-0.067924,-0.029237,55.2251,-15.4107
GNN,94,-0.176679,-0.067534,-0.031509,51.1089,-40.6465
GNN,95,-0.176205,-0.067157,-0.032829,47.0075,-8.72635
GNN,96,-0.175826,-0.068205,-0.029102,44.3908,-8.48242
GNN,97,-0.175932,-0.066702,-0.028611,45.3233,-8.80203
GNN,98,-0.175941,-0.064964,-0.028815,51.1992,-9.33416
GNN,99,-0.175833,-0.065059,-0.028806,48.2034,-8.77669
GNN,100,-0.175839,-0.065060,-0.028874,54.6048,-10.021
GNN,101,-0.178839,-0.070840,-0.034629,45.6237,-8.90449
GNN,102,-0.178614,-0.065331,-0.036631,49.6062,-14.9574
GNN,103,-0.174194,-0.061695,-0.025789,44.2583,-9.81751
GNN,104,-0.175552,-0.063703,-0.027332,44.9635,-8.25752
GNN,105,-0.176938,-0.069907,-0.023804,43.0659,-8.9245
GNN,106,-0.179545,-0.064357,-0.025166,43.1733,-8.32059
GNN,107,-0.178905,-0.065835,-0.024230,45.3056,-7.9619
GNN,108,-0.179680,-0.063802,-0.024796,46.6744,-8.49727
GNN,109,-0.180467,-0.065230,-0.028067,45.814,-8.28892
GNN,110,-0.180243,-0.062251,-0.026124,44.5917,-8.48335
GNN,111,-0.178809,-0.061098,-0.024570,42.7715,-6.94959
GNN,112,-0.177717,-0.063262,-0.024901,41.7663,-7.25873
GNN,113,-0.178432,-0.064824,-0.026032,42.6403,-6.59386
GNN,114,-0.179401,-0.063712,-0.025471,45.8918,-7.35685
GNN,115,-0.179005,-0.063268,-0.023728,41.3156,-7.31002
GNN,116,-0.178886,-0.063714,-0.024266,40.4521,-7.25843
GNN,117,-0.178951,-0.064603,-0.023490,41.9629,-6.97061
GNN,118,-0.179063,-0.063816,-0.024074,42.3523,-7.29955
GNN,119,-0.179367,-0.063660,-0.024363,45.9659,-16.6923
GNN,120,-0.179427,-0.063457,-0.024525,38.4562,-16.038
GNN,121,-0.182541,-0.061351,-0.025652,39.6872,-6.83725
GNN,122,-0.181098,-0.063776,-0.022325,37.3676,-7.05379
GNN,123,-0.183304,-0.063170,-0.025007,39.8164,-7.13318
GNN,124,-0.181987,-0.055882,-0.023706,38.5665,-6.059
GNN,125,-0.179867,-0.057558,-0.020218,36.9861,-6.19708
GNN,126,-0.183830,-0.055327,-0.023895,38.7003,-6.48982
GNN,127,-0.183424,-0.058443,-0.024187,35.651,-5.8255
GNN,128,-0.188806,-0.058131,-0.028578,39.4807,-6.89967
GNN,129,-0.188760,-0.062533,-0.024548,38.5298,-6.50197
GNN,130,-0.190037,-0.064090,-0.027338,37.8181,-6.28169
GNN,131,-0.191393,-0.063064,-0.029239,37.6527,-7.05696
GNN,132,-0.191643,-0.062909,-0.028896,34.8956,-8.12835
GNN,133,-0.190919,-0.064698,-0.024626,34.9767,-6.44962
GNN,134,-0.192396,-0.063709,-0.027601,35.4841,-7.16559
GNN,135,-0.192446,-0.065040,-0.025024,33.1167,-5.63543
GNN,136,-0.192063,-0.065453,-0.025073,35.42,-5.68578
GNN,137,-0.192964,-0.065000,-0.026742,37.5572,-11.7212
GNN,138,-0.194145,-0.065851,-0.027204,38.1328,-20.5844
GNN,139,-0.194026,-0.065946,-0.027477,33.0428,-5.18604
GNN,140,-0.193984,-0.065866,-0.027408,33.0351,-5.60599
GNN,141,-0.190247,-0.058738,-0.024138,31.7117,-5.31763
GNN,142,-0.188908,-0.057500,-0.021212,30.1669,-5.47727
GNN,143,-0.188853,-0.060361,-0.016721,32.8528,-5.46958
GNN,144,-0.190753,-0.059208,-0.017565,30.74,-5.44787
GNN,145,-0.193157,-0.057048,-0.023422,33.3294,-5.26184
GNN,146,-0.190220,-0.049754,-0.020574,30.7293,-5.34434
GNN,147,-0.191860,-0.054073,-0.021188,31.0629,-5.66
GNN,148,-0.192063,-0.052471,-0.018162,35.3332,-5.5356
GNN,149,-0.195080,-0.052302,-0.024481,34.9838,-8.10586
GNN,150,-0.195611,-0.054923,-0.024568,31.7974,-5.67134
GNN,151,-0.196615,-0.052846,-0.024357,31.4557,-5.4686
GNN,152,-0.195041,-0.051801,-0.020786,33.0816,-5.32615
GNN,153,-0.200157,-0.057296,-0.025070,30.0244,-14.3298
GNN,154,-0.199076,-0.055671,-0.022433,31.8156,-5.23693
GNN,155,-0.198213,-0.057815,-0.020745,27.6182,-5.015
GNN,156,-0.198990,-0.056428,-0.024899,32.3521,-5.91555
GNN,157,-0.199330,-0.056178,-0.025219,31.1534,-5.42309
GNN,158,-0.199461,-0.055543,-0.025284,29.7228,-6.30202
GNN,159,-0.199575,-0.055610,-0.025749,29.941,-6.32891
GNN,160,-0.199580,-0.055662,-0.025650,28.9638,-5.32782
GNN,161,-0.202801,-0.065333,-0.020369,29.1968,-4.98381
GNN,162,-0.201211,-0.061208,-0.022162,30.5725,-4.52271
GNN,163,-0.198795,-0.057135,-0.016822,30.5041,-5.21285
GNN,164,-0.198357,-0.055944,-0.014696,28.7874,-4.77942
GNN,165,-0.197251,-0.056882,-0.013119,27.1747,-5.5313
GNN,166,-0.203134,-0.059700,-0.021631,29.6692,-5.19135
GNN,167,-0.202432,-0.054868,-0.015269,28.1208,-4.76325
GNN,168,-0.205871,-0.058931,-0.022847,29.8832,-9.1726
GNN,169,-0.208850,-0.065882,-0.021216,27.5322,-12.831
GNN,170,-0.208331,-0.062711,-0.021425,27.6753,-4.785
GNN,171,-0.208824,-0.062778,-0.022210,25.6619,-4.05728
GNN,172,-0.208015,-0.062531,-0.024955,26.6359,-4.57832
GNN,173,-0.207780,-0.061683,-0.022686,26.2302,-4.5677
GNN,174,-0.208250,-0.061161,-0.025605,26.4168,-5.19644
GNN,175,-0.207347,-0.060280,-0.023319,24.8187,-4.2246
GNN,176,-0.207416,-0.059520,-0.021828,26.3303,-4.56194
GNN,177,-0.207523,-0.058911,-0.023162,27.513,-4.42026
GNN,178,-0.207586,-0.058629,-0.022518,26.79,-4.37443
GNN,179,-0.207516,-0.058308,-0.022438,25.8345,-4.12086
GNN,180,-0.207529,-0.058208,-0.022322,27.7269,-4.19906
GNN,181,-0.212213,-0.066322,-0.023878,26.4653,-5.04587
GNN,182,-0.219142,-0.067831,-0.033184,26.6407,-9.88498
GNN,183,-0.222676,-0.072138,-0.037094,26.3492,-11.0118
GNN,184,-0.216704,-0.064007,-0.027620,24.2612,-3.74484
GNN,185,-0.210696,-0.061191,-0.015308,24.8168,-3.74134
GNN,186,-0.210890,-0.059234,-0.018855,25.8866,-4.30409
GNN,187,-0.211691,-0.057592,-0.021222,25.9398,-4.01998
GNN,188,-0.210781,-0.050947,-0.020239,25.3149,-4.31564
GNN,189,-0.213358,-0.052447,-0.022990,25.3339,-4.44494
GNN,190,-0.217474,-0.061234,-0.023696,26.9126,-13.9654
GNN,191,-0.219955,-0.064904,-0.028856,25.9916,-7.421
GNN,192,-0.218436,-0.062443,-0.023047,24.7271,-3.96759
GNN,193,-0.218036,-0.060977,-0.024151,25.3591,-4.03803
GNN,194,-0.215740,-0.059449,-0.022284,24.128,-3.87891
GNN,195,-0.216899,-0.059303,-0.025820,24.2695,-4.23831
GNN,196,-0.216522,-0.056923,-0.025557,24.025,-3.71663
GNN,197,-0.216506,-0.057419,-0.024865,25.0166,-3.72957
GNN,198,-0.216768,-0.057070,-0.023695,24.8944,-4.05986
GNN,199,-0.216634,-0.057163,-0.023905,24.7049,-4.17453
GNN,200,-0.216730,-0.057229,-0.024064,25.7703,-11.3476
GNN,201,-0.215528,-0.060137,-0.021111,23.8208,-3.57191
GNN,202,-0.219382,-0.062720,-0.021654,23.7421,-3.69537
GNN,203,-0.218898,-0.063297,-0.020927,23.69,-3.65556
GNN,204,-0.218335,-0.058880,-0.019857,22.4867,-4.27745
GNN,205,-0.237723,-0.090964,-0.031476,29.1126,-22.3075
GNN,206,-0.231400,-0.082582,-0.029434,23.22,-4.19587
GNN,207,-0.226470,-0.071465,-0.024394,23.7783,-4.01822
GNN,208,-0.225879,-0.067698,-0.023151,23.8335,-5.55701
GNN,209,-0.225465,-0.065176,-0.023778,24.0184,-3.96102
GNN,210,-0.224494,-0.061777,-0.026504,23.4156,-3.67242
GNN,211,-0.225536,-0.057632,-0.027601,24.2024,-3.64717
GNN,212,-0.224138,-0.060380,-0.025351,24.7483,-3.71309
GNN,213,-0.224653,-0.058173,-0.025963,23.3395,-4.6142
GNN,214,-0.223387,-0.056587,-0.024132,22.6522,-3.88047
GNN,215,-0.223857,-0.056826,-0.023482,23.3977,-3.69766
GNN,216,-0.222809,-0.055752,-0.023288,24.1002,-4.02222
GNN,217,-0.222265,-0.056016,-0.022695,23.2695,-3.76798
GNN,218,-0.222391,-0.056448,-0.022698,23.1179,-3.7693
GNN,219,-0.222398,-0.056825,-0.022425,22.996,-3.62214
GNN,220,-0.222691,-0.057084,-0.022797,30.835,-28.0435
GNN,221,-0.221653,-0.056447,-0.021398,22.1706,-3.41177
GNN,222,-0.221589,-0.056550,-0.024068,22.626,-3.91042
GNN,223,-0.219956,-0.050430,-0.019591,20.8152,-3.56523
GNN,224,-0.224121,-0.057389,-0.023293,21.7753,-3.38727
GNN,225,-0.221748,-0.058175,-0.019164,20.3065,-3.39816
GNN,226,-0.224265,-0.059291,-0.020856,23.6062,-3.65898
GNN,227,-0.223667,-0.056969,-0.020415,23.4929,-3.70027
GNN,228,-0.220979,-0.051197,-0.017866,21.427,-3.52551
GNN,229,-0.219618,-0.046384,-0.019422,22.12,-3.43136
GNN,230,-0.218404,-0.047333,-0.015945,21.3965,-3.48887
GNN,231,-0.218096,-0.048849,-0.016201,22.5984,-3.35331
GNN,232,-0.218438,-0.049446,-0.016392,22.0682,-3.45658
GNN,233,-0.219915,-0.051434,-0.018117,22.5214,-3.36942
GNN,234,-0.218958,-0.045289,-0.016707,22.1225,-3.62217
GNN,235,-0.219907,-0.048504,-0.017873,23.5257,-3.59947
GNN,236,-0.219964,-0.048771,-0.017237,20.742,-3.4703
GNN,237,-0.220139,-0.049983,-0.018018,21.0249,-3.25578
GNN,238,-0.220356,-0.050173,-0.019232,20.7692,-3.33824
GNN,239,-0.220464,-0.050267,-0.018507,20.8977,-3.29697
GNN,240,-0.220496,-0.050291,-0.018562,22.3454,-3.6791
GNN,241,-0.218586,-0.053570,-0.012600,20.8103,-3.11195
GNN,242,-0.222257,-0.055978,-0.016083,21.7198,-3.50421
GNN,243,-0.225104,-0.051252,-0.024082,22.4109,-3.41989
GNN,244,-0.222300,-0.051966,-0.018765,19.8866,-3.41956
GNN,245,-0.249407,-0.081279,-0.043343,22.7521,-16.5796
GNN,246,-0.239524,-0.072753,-0.032552,19.9406,-3.40243
GNN,247,-0.234392,-0.064239,-0.026524,20.5175,-3.27416
GNN,248,-0.235525,-0.068085,-0.027789,19.769,-3.47708
GNN,249,-0.231516,-0.061801,-0.020418,21.0647,-3.38106
GNN,250,-0.231625,-0.059101,-0.023269,21.3476,-3.23879
GNN,251,-0.233351,-0.057552,-0.025719,20.6286,-3.32831
GNN,252,-0.233821,-0.061391,-0.026639,21.1344,-3.3888
GNN,253,-0.232895,-0.060006,-0.023538,20.0785,-3.17196
GNN,254,-0.234482,-0.060037,-0.027686,20.0643,-3.4998
GNN,255,-0.234240,-0.059944,-0.029627,19.966,-3.29938
GNN,256,-0.233587,-0.059288,-0.027835,20.3562,-3.22898
GNN,257,-0.233488,-0.059245,-0.027007,19.5231,-3.26249
GNN,258,-0.233649,-0.058582,-0.026979,19.1563,-3.26287
GNN,259,-0.233598,-0.058560,-0.027164,20.0276,-3.09347
GNN,260,-0.233550,-0.058583,-0.027169,20.3659,-3.01577
GNN,261,-0.231055,-0.059666,-0.023034,20.033,-3.07559
GNN,262,-0.234097,-0.057310,-0.025175,18.8026,-3.54067
GNN,263,-0.230840,-0.056311,-0.022268,19.9308,-3.28732
GNN,264,-0.231833,-0.056268,-0.024114,19.7498,-3.09744
GNN,265,-0.228527,-0.056572,-0.015906,18.9334,-2.95288
GNN,266,-0.232680,-0.058735,-0.020248,19.1946,-2.96353
GNN,267,-0.230863,-0.055740,-0.020184,18.6893,-3.10974
GNN,268,-0.230335,-0.058304,-0.018297,18.9839,-3.1769
GNN,269,-0.227697,-0.056948,-0.016606,18.7473,-2.94416
GNN,270,-0.229537,-0.055757,-0.020114,16.2162,-2.66606
GNN,271,-0.228565,-0.057438,-0.017778,16.9332,-2.70187
GNN,272,-0.228603,-0.061977,-0.016559,16.7414,-2.73316
GNN,273,-0.229053,-0.059968,-0.015265,16.67,-2.65928
GNN,274,-0.231797,-0.060495,-0.019442,17.4992,-2.88626
GNN,275,-0.232763,-0.060646,-0.022115,16.7786,-2.89739
GNN,276,-0.232559,-0.061922,-0.021235,17.1512,-2.68786
GNN,277,-0.232478,-0.063048,-0.020431,17.5545,-2.75518
GNN,278,-0.232132,-0.062027,-0.020558,17.1319,-2.70943
GNN,279,-0.232243,-0.061493,-0.020635,17.4553,-2.72847
GNN,280,-0.232250,-0.061395,-0.020637,17.7126,-2.76876
GNN,281,-0.229868,-0.057153,-0.012517,18.0321,-2.81634
GNN,282,-0.228176,-0.058136,-0.012919,17.2649,-2.76219
GNN,283,-0.231759,-0.060882,-0.016836,16.8357,-2.81764
GNN,284,-0.229511,-0.059195,-0.018917,17.187,-2.81089
GNN,285,-0.228245,-0.059154,-0.013058,17.4615,-2.75006
GNN,286,-0.227901,-0.058647,-0.015562,17.5773,-2.7852
GNN,287,-0.227633,-0.056858,-0.013910,16.8587,-2.72517
GNN,288,-0.226590,-0.055979,-0.013037,18.2358,-2.68115
GNN,289,-0.224640,-0.052392,-0.012946,17.5228,-2.6626
GNN,290,-0.222866,-0.061479,-0.012427,16.9873,-2.69186
GNN,291,-0.222786,-0.060955,-0.012358,17.808,-2.71281
GNN,292,-0.222471,-0.057637,-0.013906,18.1976,-2.9034
GNN,293,-0.222874,-0.058930,-0.015262,18.2082,-2.89846
GNN,294,-0.223219,-0.060007,-0.018165,17.6755,-2.76845
GNN,295,-0.222694,-0.060082,-0.017255,17.4395,-2.74078
GNN,296,-0.222254,-0.060302,-0.017315,17.2257,-2.83645
GNN,297,-0.221755,-0.061381,-0.017349,17.8252,-2.84707
GNN,298,-0.221600,-0.059898,-0.018153,18.0125,-2.78332
GNN,299,-0.221541,-0.059771,-0.018366,16.4363,-2.69297
GNN,300,-0.221556,-0.059946,-0.018456,17.678,-2.81527
GNN,301,-0.220142,-0.064592,-0.010964,17.2453,-2.86154
GNN,302,-0.217969,-0.066236,-0.013904,17.0137,-2.74423
GNN,303,-0.213136,-0.062722,-0.014297,16.9699,-2.897
GNN,304,-0.207257,-0.061654,-0.015258,17.5508,-2.7901
GNN,305,-0.205486,-0.060364,-0.016609,17.7155,-2.9212
GNN,306,-0.203141,-0.069109,-0.015272,16.8657,-2.8394
GNN,307,-0.199442,-0.064010,-0.015593,17.5703,-2.90426
GNN,308,-0.198479,-0.064700,-0.014439,17.087,-2.76127
GNN,309,-0.197172,-0.067364,-0.011747,16.8576,-2.7124
GNN,310,-0.197594,-0.063721,-0.017104,17.1371,-2.77191
GNN,311,-0.197078,-0.064631,-0.012707,17.8416,-2.78791
GNN,312,-0.197020,-0.064554,-0.013763,16.998,-2.7654
GNN,313,-0.197602,-0.063707,-0.013820,17.1716,-2.85308
GNN,314,-0.197152,-0.063170,-0.014338,17.9143,-2.82064
GNN,315,-0.196242,-0.060710,-0.014068,16.3888,-2.9106
GNN,316,-0.196078,-0.059267,-0.013726,17.0612,-2.79534
GNN,317,-0.195849,-0.059725,-0.013736,17.8741,-2.82136
GNN,318,-0.196134,-0.060021,-0.014309,17.8953,-2.84133
GNN,319,-0.196159,-0.059936,-0.014656,18.008,-2.85308
GNN,320,-0.196139,-0.059854,-0.014582,17.2597,-2.74861
GNN,321,-0.195740,-0.061967,-0.012596,17.1833,-2.78646
GNN,322,-0.195352,-0.056998,-0.017354,17.0783,-2.7971
GNN,323,-0.191736,-0.054579,-0.012208,16.7032,-2.70243
GNN,324,-0.195720,-0.053232,-0.016892,17.0796,-2.87711
GNN,325,-0.191188,-0.054075,-0.012209,17.0437,-2.92155
GNN,326,-0.191135,-0.048374,-0.012818,17.5594,-2.75361
GNN,327,-0.190210,-0.056191,-0.004991,17.3215,-2.80817
GNN,328,-0.194224,-0.056164,-0.010632,16.6497,-2.77045
GNN,329,-0.194969,-0.055163,-0.011397,17.1337,-2.81949
GNN,330,-0.195406,-0.054100,-0.014174,17.5828,-2.82918
GNN,331,-0.196258,-0.053974,-0.017107,17.2117,-2.73436
GNN,332,-0.195015,-0.053960,-0.015573,17.1263,-2.81414
GNN,333,-0.195304,-0.053041,-0.015594,17.0708,-2.73729
GNN,334,-0.195616,-0.051389,-0.014562,16.9301,-2.74684
GNN,335,-0.195922,-0.051708,-0.016528,16.7967,-2.81029
GNN,336,-0.195890,-0.050786,-0.016842,17.1592,-2.69512
GNN,337,-0.196154,-0.049590,-0.015853,17.4305,-2.87446
GNN,338,-0.196031,-0.048649,-0.015618,16.8459,-2.7591
GNN,339,-0.196194,-0.049007,-0.015563,16.9849,-2.90256
GNN,340,-0.196188,-0.049101,-0.015482,16.6022,-2.82184
GNN,341,-0.195620,-0.052816,-0.014557,16.7144,-2.82284
GNN,342,-0.197689,-0.056428,-0.017646,17.1012,-2.67287
GNN,343,-0.197845,-0.056735,-0.016096,17.0182,-2.73733
GNN,344,-0.195744,-0.057440,-0.010971,17.5673,-2.9399
GNN,345,-0.198352,-0.064949,-0.012999,17.2488,-2.89046
GNN,346,-0.199335,-0.061712,-0.013646,16.6213,-2.83482
GNN,347,-0.199754,-0.059052,-0.015210,17.3941,-2.91913
GNN,348,-0.201165,-0.060358,-0.019276,17.1038,-2.88228
GNN,349,-0.198028,-0.057878,-0.017300,17.7832,-2.73827
GNN,350,-0.197360,-0.055891,-0.017229,17.2702,-2.78141
GNN,351,-0.200717,-0.060819,-0.021851,17.856,-3.00318
GNN,352,-0.198514,-0.061866,-0.019426,17.6246,-2.77669
GNN,353,-0.197626,-0.056132,-0.018946,16.0168,-2.81056
GNN,354,-0.197874,-0.056500,-0.017350,16.6695,-2.85572
GNN,355,-0.198131,-0.055941,-0.016396,17.343,-2.78351
GNN,356,-0.198038,-0.056607,-0.015744,17.0303,-2.68662
GNN,357,-0.197858,-0.056562,-0.016325,16.5765,-2.74288
GNN,358,-0.198084,-0.057383,-0.016019,17.2307,-2.7858
GNN,359,-0.198056,-0.057589,-0.016195,18.0873,-2.81267
GNN,360,-0.198042,-0.057620,-0.015969,17.2786,-2.85748
GNN,361,-0.197561,-0.057977,-0.017440,16.1078,-2.74589
GNN,362,-0.196978,-0.055141,-0.010476,15.9225,-2.65547
GNN,363,-0.197935,-0.064746,-0.010871,16.2861,-2.68804
GNN,364,-0.197568,-0.061146,-0.009632,15.8645,-2.60652
GNN,365,-0.198599,-0.062949,-0.012699,16.2897,-2.67983
GNN,366,-0.199548,-0.060720,-0.009576,16.0599,-2.68266
GNN,367,-0.199470,-0.061858,-0.005696,15.762,-2.64999
GNN,368,-0.200549,-0.064700,-0.007221,16.0402,-2.6885
GNN,369,-0.200325,-0.061257,-0.009911,15.6882,-2.60622
GNN,370,-0.202516,-0.063383,-0.014807,15.8722,-2.73045
GNN,371,-0.202986,-0.061783,-0.012028,16.342,-2.76205
GNN,372,-0.204342,-0.061707,-0.013497,16.27,-2.70741
GNN,373,-0.203822,-0.060993,-0.012094,16.3253,-2.72741
GNN,374,-0.203491,-0.059742,-0.011851,16.8841,-2.68645
GNN,375,-0.204264,-0.059130,-0.013649,16.6826,-2.72824
GNN,376,-0.204049,-0.058133,-0.013109,16.4669,-2.77735
GNN,377,-0.203981,-0.059721,-0.013282,16.1208,-2.71931
GNN,378,-0.204012,-0.060351,-0.012807,16.6405,-2.7365
GNN,379,-0.204077,-0.060579,-0.012675,16.3392,-2.74188
GNN,380,-0.204101,-0.060673,-0.012604,16.5752,-2.76422
GNN,381,-0.206753,-0.063845,-0.013640,16.5343,-2.83399
GNN,382,-0.207663,-0.064351,-0.016460,16.8301,-2.83098
GNN,383,-0.207239,-0.061429,-0.015518,16.8382,-2.82813
GNN,384,-0.207984,-0.063352,-0.013684,16.7422,-2.79077
GNN,385,-0.210058,-0.069056,-0.016527,16.8268,-2.8163
GNN,386,-0.209248,-0.069189,-0.017839,16.8504,-2.84129
GNN,387,-0.204645,-0.060176,-0.010277,16.5772,-2.70364
GNN,388,-0.204870,-0.059488,-0.009681,16.7348,-2.71385
GNN,389,-0.205152,-0.061059,-0.012759,16.358,-2.80338
GNN,390,-0.206226,-0.061173,-0.013313,16.4522,-2.67263
GNN,391,-0.205844,-0.059871,-0.012083,16.4264,-2.74135
GNN,392,-0.206181,-0.057581,-0.012556,16.2236,-2.86188
GNN,393,-0.206513,-0.059873,-0.013125,17.07,-2.79845
GNN,394,-0.208039,-0.062532,-0.015209,17.1286,-2.8618
GNN,395,-0.208443,-0.062214,-0.015471,16.5451,-2.82841
GNN,396,-0.208350,-0.062491,-0.015011,16.8557,-2.78227
GNN,397,-0.208212,-0.062696,-0.014828,17.1829,-2.76152
GNN,398,-0.208489,-0.063313,-0.015447,16.6883,-2.82232
GNN,399,-0.208395,-0.063609,-0.015159,17.0621,-2.7578
GNN,400,-0.208434,-0.063824,-0.015408,17.33,-2.91586
Uni-Mol,1,-0.041807,-0.059258,-0.024372,10061.5,-6083.18
Uni-Mol,2,-0.069175,-0.088238,-0.037792,8792.85,-13358.1
Uni-Mol,3,-0.078576,-0.099635,-0.037725,8225.91,-8252.4
Uni-Mol,4,-0.085612,-0.109809,-0.044520,6698.32,-7965.95
Uni-Mol,5,-0.080960,-0.105667,-0.039609,6209.54,-3631.5
Uni-Mol,6,-0.092384,-0.106739,-0.045016,6777.92,-8083.86
Uni-Mol,7,-0.096671,-0.110029,-0.050784,5756.28,-6594.41
Uni-Mol,8,-0.101344,-0.116213,-0.047129,6940.38,-8333.73
Uni-Mol,9,-0.098009,-0.113133,-0.050305,5071.58,-2325.24
Uni-Mol,10,-0.098202,-0.109420,-0.050449,5602.28,-5394.73
Uni-Mol,11,-0.099252,-0.111661,-0.050711,5348,-7635.56
Uni-Mol,12,-0.096464,-0.103953,-0.048557,4268.84,-1960.03
Uni-Mol,13,-0.097893,-0.105817,-0.047800,4824.33,-5882.19
Uni-Mol,14,-0.098499,-0.104679,-0.049327,4296.6,-4035.41
Uni-Mol,15,-0.097792,-0.100376,-0.047544,4300.93,-2745.1
Uni-Mol,16,-0.096996,-0.094310,-0.046615,3528.21,-2347.31
Uni-Mol,17,-0.097532,-0.099725,-0.046634,4571.07,-4020.39
Uni-Mol,18,-0.097164,-0.098008,-0.046746,3144.9,-1271.36
Uni-Mol,19,-0.097144,-0.098685,-0.046719,4515.4,-4157.6
Uni-Mol,20,-0.097098,-0.098647,-0.046613,3539.06,-1733.1
Uni-Mol,21,-0.093798,-0.098477,-0.040297,4072.03,-1976.78
Uni-Mol,22,-0.096195,-0.110121,-0.041411,3643.29,-2765.76
Uni-Mol,23,-0.099061,-0.108100,-0.045681,4049.76,-2813.88
Uni-Mol,24,-0.103916,-0.111846,-0.043167,4930.91,-5680.39
Uni-Mol,25,-0.103506,-0.113091,-0.047055,3050.25,-1704.63
Uni-Mol,26,-0.107034,-0.111839,-0.044269,4259.28,-3372.46
Uni-Mol,27,-0.118264,-0.119383,-0.041897,4432.57,-4716.32
Uni-Mol,28,-0.116161,-0.112942,-0.037372,3235.31,-3066.94
Uni-Mol,29,-0.113766,-0.105878,-0.038984,2682.84,-1350.92
Uni-Mol,30,-0.122950,-0.118156,-0.047947,5083.87,-5839.3
Uni-Mol,31,-0.120411,-0.110005,-0.047389,2754.76,-1006.62
Uni-Mol,32,-0.117210,-0.108004,-0.044751,2803.24,-861.751
Uni-Mol,33,-0.114827,-0.106358,-0.043789,3013.46,-1080.1
Uni-Mol,34,-0.113514,-0.105040,-0.044109,2416.22,-844.686
Uni-Mol,35,-0.113952,-0.107510,-0.044680,2266.91,-2124.08
Uni-Mol,36,-0.114199,-0.105617,-0.043165,3476.66,-2724.87
Uni-Mol,37,-0.113839,-0.103590,-0.043063,2393.6,-1160.09
Uni-Mol,38,-0.113711,-0.102903,-0.043285,4433.81,-2429.68
Uni-Mol,39,-0.114191,-0.103765,-0.042914,3862.94,-7002.23
Uni-Mol,40,-0.114177,-0.103717,-0.042996,2462,-861.527
Uni-Mol,41,-0.109111,-0.105409,-0.040110,1887.73,-750.357
Uni-Mol,42,-0.121653,-0.122907,-0.052627,3436.62,-3842.53
Uni-Mol,43,-0.120732,-0.118677,-0.049158,2223.12,-1188.5
Uni-Mol,44,-0.118954,-0.115100,-0.047062,2147.03,-1614.16
Uni-Mol,45,-0.115190,-0.115832,-0.041043,2150.8,-899.43
Uni-Mol,46,-0.113304,-0.119854,-0.042812,1903.62,-852.963
Uni-Mol,47,-0.109308,-0.111958,-0.040394,1875.46,-713.318
Uni-Mol,48,-0.111083,-0.113250,-0.035781,2613.97,-2567.14
Uni-Mol,49,-0.110567,-0.112771,-0.038983,2041.93,-910.415
Uni-Mol,50,-0.115361,-0.107143,-0.043343,2598.19,-2111.97
Uni-Mol,51,-0.114800,-0.112014,-0.039716,2357.99,-1455.06
Uni-Mol,52,-0.117286,-0.104889,-0.041276,2384.69,-2835.26
Uni-Mol,53,-0.117063,-0.105036,-0.043448,1891.93,-1195.86
Uni-Mol,54,-0.123358,-0.108911,-0.044527,6889.24,-7075.15
Uni-Mol,55,-0.122548,-0.106750,-0.044232,1961.52,-851.074
Uni-Mol,56,-0.122462,-0.104521,-0.044602,1634.11,-732.785
Uni-Mol,57,-0.122274,-0.104829,-0.044585,1580.57,-823.237
Uni-Mol,58,-0.122387,-0.105107,-0.044888,1804.45,-4458.93
Uni-Mol,59,-0.122229,-0.105126,-0.044955,1568.99,-456.609
Uni-Mol,60,-0.122210,-0.105189,-0.045037,2135.67,-1959.36
Uni-Mol,61,-0.141562,-0.136197,-0.056369,2807.78,-6655.38
Uni-Mol,62,-0.140101,-0.132987,-0.059854,1926.43,-1811.44
Uni-Mol,63,-0.134712,-0.134188,-0.052876,1436.47,-1025.48
Uni-Mol,64,-0.130262,-0.123150,-0.052384,1730.52,-578.985
Uni-Mol,65,-0.127388,-0.125348,-0.048073,1383.86,-831.825
Uni-Mol,66,-0.140102,-0.122764,-0.053614,2025.9,-4312.99
Uni-Mol,67,-0.136608,-0.114772,-0.055160,1653.09,-697.61
Uni-Mol,68,-0.135211,-0.122415,-0.053406,1671.91,-1578.69
Uni-Mol,69,-0.137812,-0.117138,-0.055257,1878.45,-1273.71
Uni-Mol,70,-0.137519,-0.112107,-0.058707,2061.53,-1267.45
Uni-Mol,71,-0.135560,-0.112078,-0.056890,1294.96,-726.174
Uni-Mol,72,-0.134448,-0.105978,-0.055653,1839.47,-1019.67
Uni-Mol,73,-0.133968,-0.106601,-0.055835,1554.04,-950.007
Uni-Mol,74,-0.132588,-0.106448,-0.055524,1513.83,-757.195
Uni-Mol,75,-0.131930,-0.104354,-0.054702,1230.15,-688.694
Uni-Mol,76,-0.131405,-0.102501,-0.053923,1790.69,-1285.62
Uni-Mol,77,-0.131084,-0.101453,-0.054311,1630.12,-853.768
Uni-Mol,78,-0.131531,-0.099713,-0.055043,2458.69,-1762.86
Uni-Mol,79,-0.132245,-0.099752,-0.054339,3031.89,-5352.74
Uni-Mol,80,-0.132300,-0.099794,-0.054287,1614.17,-1494.21
Uni-Mol,81,-0.130664,-0.102617,-0.050575,1354.22,-627.384
Uni-Mol,82,-0.131431,-0.101711,-0.050995,1272.6,-916.957
Uni-Mol,83,-0.136888,-0.111870,-0.042484,1902.81,-2511.93
Uni-Mol,84,-0.140240,-0.106132,-0.047156,1360.89,-1098.01
Uni-Mol,85,-0.147577,-0.116418,-0.043271,2058.66,-2570.84
Uni-Mol,86,-0.141402,-0.103551,-0.053018,1336.77,-490.56
Uni-Mol,87,-0.136400,-0.094322,-0.050066,1365.69,-755.018
Uni-Mol,88,-0.138256,-0.097651,-0.045397,1403.32,-1330.71
Uni-Mol,89,-0.146153,-0.111864,-0.052406,1913.1,-2651.15
Uni-Mol,90,-0.142904,-0.103766,-0.053029,1065.99,-484.093
Uni-Mol,91,-0.139818,-0.098717,-0.050002,1160.51,-402.528
Uni-Mol,92,-0.139013,-0.097750,-0.049159,1149.35,-533.358
Uni-Mol,93,-0.138231,-0.097962,-0.046904,1230.31,-899.587
Uni-Mol,94,-0.138287,-0.102215,-0.047191,1164.73,-1450.98
Uni-Mol,95,-0.137885,-0.101247,-0.045111,1382.73,-1294.51
Uni-Mol,96,-0.141251,-0.104401,-0.046207,3178.15,-5226.78
Uni-Mol,97,-0.140860,-0.103978,-0.044865,1181.76,-539.831
Uni-Mol,98,-0.140925,-0.103473,-0.045336,1190.75,-886.864
Uni-Mol,99,-0.141006,-0.103530,-0.045367,1529.16,-1644.54
Uni-Mol,100,-0.141041,-0.103591,-0.045406,1371.03,-862.605
Uni-Mol,101,-0.138879,-0.103097,-0.045747,905.135,-529.928
Uni-Mol,102,-0.140419,-0.103856,-0.042210,1182.71,-794.648
Uni-Mol,103,-0.144573,-0.106971,-0.049405,1292.88,-1119.83
Uni-Mol,104,-0.144343,-0.106277,-0.054312,1200.84,-1130.22
Uni-Mol,105,-0.152523,-0.118890,-0.049493,1890.96,-2530.64
Uni-Mol,106,-0.148281,-0.106964,-0.045127,1143.16,-512.045
Uni-Mol,107,-0.149074,-0.106958,-0.039887,1217.32,-873.97
Uni-Mol,108,-0.148308,-0.110731,-0.042234,1247.72,-947.768
Uni-Mol,109,-0.147642,-0.110587,-0.049105,1346.29,-825.953
Uni-Mol,110,-0.146993,-0.109171,-0.045277,1173.26,-758.911
Uni-Mol,111,-0.144131,-0.098475,-0.044883,1023,-473.043
Uni-Mol,112,-0.152994,-0.109667,-0.050998,1777.39,-2442.58
Uni-Mol,113,-0.154143,-0.115012,-0.050694,1275.57,-2765.89
Uni-Mol,114,-0.154041,-0.114470,-0.048045,912.493,-672.495
Uni-Mol,115,-0.153893,-0.110507,-0.050499,1051.72,-537.366
Uni-Mol,116,-0.152961,-0.110198,-0.050963,1068.22,-516.975
Uni-Mol,117,-0.152511,-0.110211,-0.050877,970.915,-486.455
Uni-Mol,118,-0.152600,-0.108626,-0.050914,1247.53,-987.949
Uni-Mol,119,-0.152871,-0.109078,-0.051229,1660.36,-2334.99
Uni-Mol,120,-0.152828,-0.108968,-0.051268,1072.51,-418.085
Uni-Mol,121,-0.158104,-0.118442,-0.058588,1181.1,-1589.35
Uni-Mol,122,-0.154102,-0.111529,-0.053519,1064.71,-670.193
Uni-Mol,123,-0.149169,-0.103488,-0.046072,1024.26,-574
Uni-Mol,124,-0.147087,-0.099280,-0.045861,1005.33,-428.946
Uni-Mol,125,-0.150417,-0.099252,-0.049695,1022.04,-681.336
Uni-Mol,126,-0.148143,-0.093380,-0.049647,1020.26,-543.172
Uni-Mol,127,-0.147135,-0.087718,-0.047357,1012.56,-1464.8
Uni-Mol,128,-0.144321,-0.088219,-0.044208,887.31,-426.84
Uni-Mol,129,-0.145889,-0.095005,-0.045628,1073.8,-739.985
Uni-Mol,130,-0.148930,-0.095455,-0.050954,1059.68,-804.922
Uni-Mol,131,-0.152166,-0.098343,-0.054378,1044.61,-1130.42
Uni-Mol,132,-0.151674,-0.097903,-0.050565,1031.88,-829.512
Uni-Mol,133,-0.151313,-0.096546,-0.051956,931.946,-622.236
Uni-Mol,134,-0.150563,-0.096645,-0.050340,1000.71,-536.319
Uni-Mol,135,-0.150972,-0.097980,-0.050773,820.99,-754.037
Uni-Mol,136,-0.149993,-0.098155,-0.048836,813.069,-279.04
Uni-Mol,137,-0.149655,-0.097238,-0.049181,908.324,-631.338
Uni-Mol,138,-0.151738,-0.100571,-0.052379,1546.1,-6266.23
Uni-Mol,139,-0.151694,-0.100144,-0.052256,838.423,-546.195
Uni-Mol,140,-0.151670,-0.100109,-0.052219,881.391,-450.825
Uni-Mol,141,-0.148967,-0.095035,-0.048309,782.964,-339.911
Uni-Mol,142,-0.145959,-0.098502,-0.045761,814.263,-371.776
Uni-Mol,143,-0.143115,-0.091150,-0.045845,796.181,-281.855
Uni-Mol,144,-0.139087,-0.083234,-0.044131,741.294,-221.459
Uni-Mol,145,-0.137688,-0.083845,-0.043492,751.087,-318.293
Uni-Mol,146,-0.146639,-0.089069,-0.043858,952.617,-1629.23
Uni-Mol,147,-0.148001,-0.094115,-0.046278,847.007,-899.5
Uni-Mol,148,-0.147616,-0.092960,-0.045056,866.817,-410.022
Uni-Mol,149,-0.145010,-0.092445,-0.047924,731.699,-294.254
Uni-Mol,150,-0.148306,-0.093853,-0.054556,883.506,-633.449
Uni-Mol,151,-0.153487,-0.095591,-0.056537,988.63,-1308.15
Uni-Mol,152,-0.151772,-0.095661,-0.056294,823.815,-670.321
Uni-Mol,153,-0.150738,-0.093535,-0.053208,832.275,-727.441
Uni-Mol,154,-0.149984,-0.089577,-0.053833,840.22,-332.169
Uni-Mol,155,-0.151068,-0.088661,-0.054740,896.213,-716.489
Uni-Mol,156,-0.151744,-0.089015,-0.055074,861.048,-1064.67
Uni-Mol,157,-0.152189,-0.089425,-0.052043,832.189,-1377.25
Uni-Mol,158,-0.151838,-0.089477,-0.052294,814.397,-332.656
Uni-Mol,159,-0.151690,-0.089579,-0.052299,797.358,-313.758
Uni-Mol,160,-0.151725,-0.089438,-0.052010,1197.05,-1275.39
Uni-Mol,161,-0.156651,-0.107509,-0.052545,875.444,-1267.76
Uni-Mol,162,-0.158814,-0.108778,-0.053842,756.025,-424.602
Uni-Mol,163,-0.157232,-0.105920,-0.052089,800.194,-497.156
Uni-Mol,164,-0.154361,-0.101927,-0.050151,834.027,-548.63
Uni-Mol,165,-0.152307,-0.097401,-0.051166,741.604,-353.528
Uni-Mol,166,-0.146844,-0.090746,-0.046728,718.201,-237.119
Uni-Mol,167,-0.144407,-0.085955,-0.044221,731.346,-250.041
Uni-Mol,168,-0.146610,-0.088269,-0.048676,919.077,-1059.92
Uni-Mol,169,-0.146376,-0.087639,-0.044338,780.81,-649.29
Uni-Mol,170,-0.143802,-0.085209,-0.041814,685.629,-356.042
Uni-Mol,171,-0.144576,-0.087861,-0.045343,729.988,-333.31
Uni-Mol,172,-0.148371,-0.089916,-0.044408,696.454,-530.872
Uni-Mol,173,-0.146635,-0.087159,-0.046769,679.698,-217.185
Uni-Mol,174,-0.148862,-0.088692,-0.046517,744.737,-743.828
Uni-Mol,175,-0.149884,-0.088839,-0.048648,733.599,-525.102
Uni-Mol,176,-0.151466,-0.092625,-0.048007,3893.32,-2414.41
Uni-Mol,177,-0.151047,-0.092227,-0.046083,690.689,-265.221
Uni-Mol,178,-0.150961,-0.092029,-0.046023,581.331,-527.681
Uni-Mol,179,-0.150969,-0.091859,-0.045993,683.513,-514.059
Uni-Mol,180,-0.150966,-0.091857,-0.046058,723.107,-268.972
Uni-Mol,181,-0.150482,-0.099784,-0.044039,708.958,-775.08
Uni-Mol,182,-0.151220,-0.098413,-0.039730,762.252,-720.389
Uni-Mol,183,-0.150891,-0.090543,-0.042678,722.417,-269.628
Uni-Mol,184,-0.145745,-0.082438,-0.041352,683.913,-227.524
Uni-Mol,185,-0.146479,-0.090378,-0.039257,596.672,-265.647
Uni-Mol,186,-0.150365,-0.099579,-0.047232,849.157,-765.043
Uni-Mol,187,-0.149284,-0.098295,-0.039712,826.529,-924.691
Uni-Mol,188,-0.154927,-0.102144,-0.047791,1231.25,-1152.1
Uni-Mol,189,-0.151407,-0.094418,-0.041196,666.389,-272.062
Uni-Mol,190,-0.147974,-0.087308,-0.040424,725.819,-224.51
Uni-Mol,191,-0.146648,-0.079071,-0.039375,700.125,-270.481
Uni-Mol,192,-0.147795,-0.082211,-0.040818,701.548,-254.888
Uni-Mol,193,-0.149078,-0.085742,-0.044386,658.933,-284.019
Uni-Mol,194,-0.148659,-0.084364,-0.044528,645.416,-235.62
Uni-Mol,195,-0.148301,-0.084851,-0.046305,630.855,-239.103
Uni-Mol,196,-0.147705,-0.083233,-0.044576,632.602,-238.81
Uni-Mol,197,-0.147243,-0.081617,-0.043454,616.504,-253.922
Uni-Mol,198,-0.147389,-0.082020,-0.043294,630.472,-233.977
Uni-Mol,199,-0.147403,-0.082176,-0.043185,632.047,-272.671
Uni-Mol,200,-0.147375,-0.082191,-0.043232,654.158,-246.825
Uni-Mol,201,-0.173451,-0.134102,-0.052580,808.968,-3042.22
Uni-Mol,202,-0.178044,-0.133053,-0.055393,781.464,-1694.85
Uni-Mol,203,-0.169288,-0.114688,-0.052605,572.883,-347.104
Uni-Mol,204,-0.162798,-0.105399,-0.046896,546.344,-233.886
Uni-Mol,205,-0.157823,-0.101986,-0.044626,545.02,-189.873
Uni-Mol,206,-0.154988,-0.104825,-0.039308,687.655,-210.732
Uni-Mol,207,-0.155151,-0.102823,-0.040481,571.808,-273.124
Uni-Mol,208,-0.151091,-0.095926,-0.036598,606.209,-182.744
Uni-Mol,209,-0.148560,-0.096137,-0.033878,635.624,-173.356
Uni-Mol,210,-0.149937,-0.091094,-0.037891,561.758,-199.802
Uni-Mol,211,-0.159533,-0.103190,-0.047818,808.945,-1219.46
Uni-Mol,212,-0.162994,-0.106127,-0.051360,705.791,-1243.85
Uni-Mol,213,-0.173334,-0.112026,-0.056144,1070.38,-2099.58
Uni-Mol,214,-0.175431,-0.118029,-0.055587,775.909,-1231.86
Uni-Mol,215,-0.173777,-0.114345,-0.055116,591.815,-239.48
Uni-Mol,216,-0.172135,-0.113694,-0.055250,591.822,-192.106
Uni-Mol,217,-0.171122,-0.111742,-0.054329,682.622,-277.534
Uni-Mol,218,-0.170758,-0.110953,-0.053647,622.074,-237.712
Uni-Mol,219,-0.170643,-0.110941,-0.053258,554.226,-424.786
Uni-Mol,220,-0.170598,-0.110878,-0.053227,568.901,-248.759
Uni-Mol,221,-0.174323,-0.108645,-0.052079,791.217,-1250.77
Uni-Mol,222,-0.181700,-0.115080,-0.053036,953.963,-1297.1
Uni-Mol,223,-0.174903,-0.101608,-0.049448,569.774,-337.842
Uni-Mol,224,-0.169750,-0.094148,-0.047186,565.281,-189.412
Uni-Mol,225,-0.166517,-0.093503,-0.043866,517.26,-197.331
Uni-Mol,226,-0.166829,-0.093066,-0.041094,540.246,-189.987
Uni-Mol,227,-0.166869,-0.095695,-0.044717,607.174,-256.476
Uni-Mol,228,-0.165211,-0.087968,-0.045487,583.738,-230.922
Uni-Mol,229,-0.165981,-0.095619,-0.042730,622.261,-321.769
Uni-Mol,230,-0.163153,-0.090448,-0.039734,584.385,-182.408
Uni-Mol,231,-0.161921,-0.089361,-0.038910,565.9,-190.3
Uni-Mol,232,-0.168145,-0.094742,-0.050019,668.453,-1166.84
Uni-Mol,233,-0.175115,-0.100824,-0.055602,879.629,-2457.44
Uni-Mol,234,-0.173845,-0.099334,-0.054503,677.355,-366.177
Uni-Mol,235,-0.173621,-0.099722,-0.053474,635.832,-990.981
Uni-Mol,236,-0.173829,-0.101160,-0.055621,586.743,-993.942
Uni-Mol,237,-0.173683,-0.100275,-0.055847,515.365,-538.138
Uni-Mol,238,-0.174175,-0.100745,-0.054800,707.356,-1402.66
Uni-Mol,239,-0.174086,-0.100427,-0.054626,513.243,-224.203
Uni-Mol,240,-0.174061,-0.100579,-0.054722,557.021,-314.129
Uni-Mol,241,-0.167495,-0.088468,-0.048778,506.088,-199.51
Uni-Mol,242,-0.164513,-0.082579,-0.045359,537.716,-171.861
Uni-Mol,243,-0.169168,-0.096502,-0.047830,643.028,-258.64
Uni-Mol,244,-0.165980,-0.099020,-0.044936,536.416,-183.27
Uni-Mol,245,-0.162362,-0.100276,-0.035258,567.429,-184.014
Uni-Mol,246,-0.161295,-0.093603,-0.039085,480.289,-156.151
Uni-Mol,247,-0.161353,-0.090955,-0.046806,568.757,-226.107
Uni-Mol,248,-0.164645,-0.096799,-0.048269,691.365,-929.891
Uni-Mol,249,-0.161761,-0.096161,-0.044924,573.235,-201.675
Uni-Mol,250,-0.176555,-0.105570,-0.050098,755.909,-1929.1
Uni-Mol,251,-0.176122,-0.102652,-0.049602,531.517,-585.247
Uni-Mol,252,-0.176918,-0.103181,-0.052660,502.07,-810.052
Uni-Mol,253,-0.180075,-0.106001,-0.047235,651.872,-1505.11
Uni-Mol,254,-0.178844,-0.105488,-0.049756,591.03,-354.17
Uni-Mol,255,-0.177320,-0.102758,-0.048502,589.592,-204.088
Uni-Mol,256,-0.176655,-0.103071,-0.048059,463.591,-175.145
Uni-Mol,257,-0.175976,-0.102297,-0.046256,526.246,-173.082
Uni-Mol,258,-0.176564,-0.103766,-0.047507,666.305,-1208.63
Uni-Mol,259,-0.176669,-0.103896,-0.048111,527.516,-852.27
Uni-Mol,260,-0.176613,-0.103659,-0.048131,508.949,-300.058
Uni-Mol,261,-0.168337,-0.088188,-0.039366,509.492,-223.115
Uni-Mol,262,-0.166226,-0.082229,-0.039583,491.497,-274.286
Uni-Mol,263,-0.168004,-0.090805,-0.044954,487.952,-434.038
Uni-Mol,264,-0.175909,-0.102050,-0.051262,585.37,-803.269
Uni-Mol,265,-0.170539,-0.090802,-0.041883,524.84,-226.805
Uni-Mol,266,-0.169667,-0.088341,-0.041663,455.847,-208.674
Uni-Mol,267,-0.168703,-0.092071,-0.042432,505.284,-203.029
Uni-Mol,268,-0.166671,-0.084905,-0.040228,541.496,-175.445
Uni-Mol,269,-0.166480,-0.085826,-0.038004,458.206,-236.957
Uni-Mol,270,-0.165509,-0.090136,-0.039575,489.564,-213.773
Uni-Mol,271,-0.179809,-0.107065,-0.055210,634.312,-1968.96
Uni-Mol,272,-0.179899,-0.103728,-0.054039,521.159,-470.296
Uni-Mol,273,-0.178983,-0.101853,-0.054675,463.773,-260.571
Uni-Mol,274,-0.177732,-0.100901,-0.049364,473.302,-347.743
Uni-Mol,275,-0.176849,-0.098897,-0.048177,464.196,-201.587
Uni-Mol,276,-0.176892,-0.098888,-0.048012,550.321,-370.021
Uni-Mol,277,-0.179390,-0.102849,-0.048911,705.997,-2295.3
Uni-Mol,278,-0.179314,-0.102370,-0.048994,494.48,-373.049
Uni-Mol,279,-0.179182,-0.101927,-0.048921,434.628,-182.529
Uni-Mol,280,-0.179138,-0.101826,-0.048867,474.798,-173.733
Uni-Mol,281,-0.178261,-0.104778,-0.045339,597.001,-288.338
Uni-Mol,282,-0.174583,-0.100246,-0.040155,673.474,-193.71
Uni-Mol,283,-0.192130,-0.119362,-0.049415,721.961,-1700.18
Uni-Mol,284,-0.192032,-0.111928,-0.054871,438.265,-431.345
Uni-Mol,285,-0.191582,-0.120052,-0.053425,452.178,-557.765
Uni-Mol,286,-0.186421,-0.105711,-0.046633,475.124,-227.092
Uni-Mol,287,-0.183157,-0.099400,-0.050052,467.566,-172.201
Uni-Mol,288,-0.181605,-0.098155,-0.044344,415.564,-327.16
Uni-Mol,289,-0.179182,-0.094537,-0.039641,482.332,-149.818
Uni-Mol,290,-0.180052,-0.094965,-0.041371,542.94,-357.206
Uni-Mol,291,-0.180130,-0.095050,-0.045030,458.519,-210.844
Uni-Mol,292,-0.178312,-0.092505,-0.040353,474.26,-168.664
Uni-Mol,293,-0.178539,-0.092278,-0.039589,490.429,-313.607
Uni-Mol,294,-0.177844,-0.086235,-0.041087,448.184,-187.708
Uni-Mol,295,-0.180541,-0.093749,-0.043637,501.6,-1317.45
Uni-Mol,296,-0.183829,-0.097989,-0.047723,627.945,-1618.59
Uni-Mol,297,-0.183614,-0.097033,-0.047128,423.306,-338.163
Uni-Mol,298,-0.184254,-0.098279,-0.048242,722.795,-879.624
Uni-Mol,299,-0.184294,-0.097986,-0.048299,474.263,-346.408
Uni-Mol,300,-0.184333,-0.098076,-0.048230,503.397,-874.936
Uni-Mol,301,-0.180865,-0.094757,-0.042546,855.356,-396.032
Uni-Mol,302,-0.177076,-0.089430,-0.044444,489.361,-258.437
Uni-Mol,303,-0.173551,-0.083441,-0.039112,387.391,-167.658
Uni-Mol,304,-0.171838,-0.079985,-0.037358,471.029,-125.234
Uni-Mol,305,-0.173527,-0.080455,-0.039471,439.687,-142.619
Uni-Mol,306,-0.172727,-0.079712,-0.039118,450.233,-151.473
Uni-Mol,307,-0.172960,-0.077593,-0.040913,448.064,-143.193
Uni-Mol,308,-0.176277,-0.085355,-0.045589,442.769,-240.599
Uni-Mol,309,-0.175901,-0.081375,-0.042979,463.158,-220.902
Uni-Mol,310,-0.178000,-0.079948,-0.049138,492.04,-196.9
Uni-Mol,311,-0.176505,-0.078506,-0.045209,428.701,-146.963
Uni-Mol,312,-0.175189,-0.080616,-0.046912,530.028,-285.947
Uni-Mol,313,-0.175699,-0.080342,-0.046995,431.952,-185.496
Uni-Mol,314,-0.174611,-0.079498,-0.045271,402.323,-188.382
Uni-Mol,315,-0.174544,-0.078888,-0.046097,369.199,-162.457
Uni-Mol,316,-0.175114,-0.079628,-0.046319,392.98,-158.289
Uni-Mol,317,-0.175265,-0.079345,-0.046842,409.009,-162.618
Uni-Mol,318,-0.175521,-0.078836,-0.046466,436.292,-239.387
Uni-Mol,319,-0.175774,-0.079503,-0.046853,518.189,-1183
Uni-Mol,320,-0.176149,-0.080167,-0.047091,1446.23,-2905.31
Uni-Mol,321,-0.188934,-0.100608,-0.052925,966.925,-1295.53
Uni-Mol,322,-0.186330,-0.100933,-0.049280,370.365,-171.146
Uni-Mol,323,-0.182456,-0.092650,-0.044897,370.072,-149.586
Uni-Mol,324,-0.183009,-0.091618,-0.046473,367.165,-321.345
Uni-Mol,325,-0.182507,-0.085493,-0.046720,378.454,-175.875
Uni-Mol,326,-0.183827,-0.086955,-0.048952,407.777,-202.631
Uni-Mol,327,-0.181388,-0.084940,-0.043318,375.412,-151.925
Uni-Mol,328,-0.178105,-0.079290,-0.041365,369.479,-136.655
Uni-Mol,329,-0.179389,-0.081211,-0.045970,404.202,-297.98
Uni-Mol,330,-0.182886,-0.085234,-0.042366,427.684,-489.185
Uni-Mol,331,-0.182357,-0.085220,-0.042299,405.732,-197.291
Uni-Mol,332,-0.180702,-0.082412,-0.041430,414.46,-162.642
Uni-Mol,333,-0.180927,-0.083379,-0.039534,365.939,-169.786
Uni-Mol,334,-0.181613,-0.082919,-0.041486,387.369,-163.781
Uni-Mol,335,-0.180923,-0.084881,-0.041290,398.522,-164.973
Uni-Mol,336,-0.181033,-0.084065,-0.040906,426.443,-281.026
Uni-Mol,337,-0.181035,-0.084329,-0.042234,387.198,-144.282
Uni-Mol,338,-0.181248,-0.085646,-0.043026,412.072,-314.285
Uni-Mol,339,-0.182854,-0.087778,-0.043303,788.055,-4049.53
Uni-Mol,340,-0.182931,-0.087824,-0.043406,487.856,-968.553
Uni-Mol,341,-0.185006,-0.084497,-0.047005,453.024,-147.202
Uni-Mol,342,-0.182193,-0.082146,-0.043241,398.168,-121.555
Uni-Mol,343,-0.179796,-0.083594,-0.039451,356.808,-138.21
Uni-Mol,344,-0.180807,-0.080318,-0.039546,427.421,-129.263
Uni-Mol,345,-0.179108,-0.078639,-0.042213,406.167,-107.584
Uni-Mol,346,-0.179291,-0.074850,-0.043516,394.972,-126.653
Uni-Mol,347,-0.178581,-0.076109,-0.041660,359.003,-109.416
Uni-Mol,348,-0.178330,-0.074303,-0.041126,373.957,-106.729
Uni-Mol,349,-0.177046,-0.072504,-0.039300,378.85,-136.603
Uni-Mol,350,-0.179300,-0.072452,-0.045585,413.004,-166.389
Uni-Mol,351,-0.178464,-0.072433,-0.043077,445.814,-135.43
Uni-Mol,352,-0.177351,-0.073017,-0.043139,396.636,-103.218
Uni-Mol,353,-0.178186,-0.072435,-0.044329,374.697,-162.687
Uni-Mol,354,-0.177735,-0.071670,-0.044504,332.2,-127.722
Uni-Mol,355,-0.176620,-0.069796,-0.043667,384.052,-123.252
Uni-Mol,356,-0.178683,-0.071360,-0.044628,500.746,-905.131
Uni-Mol,357,-0.180179,-0.073977,-0.045959,493.432,-730.962
Uni-Mol,358,-0.180292,-0.073545,-0.046553,370.258,-249.249
Uni-Mol,359,-0.180315,-0.073231,-0.046594,369.306,-229.545
Uni-Mol,360,-0.180390,-0.073270,-0.046662,467.141,-521.518
Uni-Mol,361,-0.185613,-0.086040,-0.049258,414.981,-334.954
Uni-Mol,362,-0.185901,-0.084679,-0.049542,382.53,-185.117
Uni-Mol,363,-0.186532,-0.085752,-0.046987,564.775,-323.876
Uni-Mol,364,-0.190799,-0.086263,-0.049655,357.09,-228.534
Uni-Mol,365,-0.185488,-0.077756,-0.047080,374.39,-101.755
Uni-Mol,366,-0.184411,-0.079488,-0.045132,367.776,-142.111
Uni-Mol,367,-0.183586,-0.079203,-0.039232,397.749,-172.697
Uni-Mol,368,-0.201782,-0.106300,-0.054762,415.488,-1922.98
Uni-Mol,369,-0.218337,-0.134098,-0.060029,652.152,-2723.32
Uni-Mol,370,-0.213951,-0.128964,-0.050871,388.411,-274.732
Uni-Mol,371,-0.210504,-0.125969,-0.052728,364.966,-228.369
Uni-Mol,372,-0.208700,-0.121704,-0.053376,387.041,-151.464
Uni-Mol,373,-0.207212,-0.119115,-0.053467,334.37,-261.075
Uni-Mol,374,-0.204819,-0.113083,-0.049880,388.829,-159.952
Uni-Mol,375,-0.203863,-0.110046,-0.049990,397.147,-138.849
Uni-Mol,376,-0.203558,-0.106787,-0.051554,402.114,-176.57
Uni-Mol,377,-0.203039,-0.106157,-0.051625,350.922,-155.547
Uni-Mol,378,-0.202816,-0.105097,-0.052024,365.073,-200.75
Uni-Mol,379,-0.202663,-0.104872,-0.052106,341.641,-114.561
Uni-Mol,380,-0.202601,-0.104870,-0.052104,337.279,-78.4012
Uni-Mol,381,-0.199346,-0.099784,-0.049097,320.019,-131.47
Uni-Mol,382,-0.197154,-0.091389,-0.051402,308.519,-85.102
Uni-Mol,383,-0.191824,-0.084758,-0.041182,302.461,-84.216
Uni-Mol,384,-0.188059,-0.080393,-0.037875,317.934,-75.7479
Uni-Mol,385,-0.188193,-0.080743,-0.040547,323.455,-94.2908
Uni-Mol,386,-0.188209,-0.079870,-0.039012,287.492,-132.607
Uni-Mol,387,-0.191143,-0.086100,-0.041961,322.066,-104.99
Uni-Mol,388,-0.189530,-0.082425,-0.043498,367.122,-106.53
Uni-Mol,389,-0.188964,-0.084124,-0.043588,312.732,-125.747
Uni-Mol,390,-0.188214,-0.085309,-0.044370,348.165,-99.2723
Uni-Mol,391,-0.189522,-0.085342,-0.042890,313.865,-93.1284
Uni-Mol,392,-0.188774,-0.084815,-0.042596,319.142,-83.3252
Uni-Mol,393,-0.187749,-0.082693,-0.043208,319.187,-139.883
Uni-Mol,394,-0.187897,-0.082142,-0.042850,325.064,-84.5641
Uni-Mol,395,-0.187932,-0.082498,-0.043548,308.049,-93.3964
Uni-Mol,396,-0.187704,-0.082399,-0.043305,317.899,-114.349
Uni-Mol,397,-0.187098,-0.080325,-0.043468,323.185,-110.96
Uni-Mol,398,-0.187301,-0.078992,-0.043980,334.478,-110.748
Uni-Mol,399,-0.187338,-0.078877,-0.043842,329.1,-145.339
Uni-Mol,400,-0.187363,-0.078815,-0.043734,327.615,-200.613
